Epoch,cat_mem,num_mem
0,0.08353609083536091,0.1589883536805697
100,0.10732630440659638,0.07822427181624964
200,0.11156168333783906,0.06322380063614885
300,0.12724159682797154,0.06661667791182203
400,0.11705866450391998,0.05566959004338588
